feature_name,type
num__age,numeric
num__Medu,numeric
num__Fedu,numeric
num__traveltime,numeric
num__studytime,numeric
num__failures,numeric
num__famrel,numeric
num__freetime,numeric
num__goout,numeric
num__Dalc,numeric
num__Walc,numeric
num__health,numeric
num__absences_log,numeric
num__parent_edu_avg,numeric
num__alcohol_avg,numeric
num__has_past_failure,numeric
cat__school_MS,categorical
cat__sex_M,categorical
cat__address_U,categorical
cat__famsize_LE3,categorical
cat__Pstatus_T,categorical
cat__schoolsup_yes,categorical
cat__famsup_yes,categorical
cat__paid_yes,categorical
cat__activities_yes,categorical
cat__nursery_yes,categorical
cat__higher_yes,categorical
cat__internet_yes,categorical
cat__romantic_yes,categorical
cat__Mjob_at_home,categorical
cat__Mjob_health,categorical
cat__Mjob_other,categorical
cat__Mjob_services,categorical
cat__Mjob_teacher,categorical
cat__Fjob_at_home,categorical
cat__Fjob_health,categorical
cat__Fjob_other,categorical
cat__Fjob_services,categorical
cat__Fjob_teacher,categorical
cat__reason_course,categorical
cat__reason_home,categorical
cat__reason_other,categorical
cat__reason_reputation,categorical
cat__guardian_father,categorical
cat__guardian_mother,categorical
cat__guardian_other,categorical
