scenario,model,cv_MAE,cv_MSE,cv_RMSE,cv_R2,cv_RMSE_std,cv_R2_std,train_MAE,train_MSE,train_RMSE,train_R2,test_MAE,test_MSE,test_RMSE,test_R2
A_late_prediction,Baseline (predict mean),3.45481699761591,21.159827582682464,4.578069727303299,-0.002897222128292887,0.4484474937287222,0.0039238702847079554,3.4551353949687544,21.14929498477808,4.5988362641844605,0.0,3.3218234257330552,20.085603268706937,4.4816964721751225,-9.773260359624558e-05
A_late_prediction,Linear Regression,1.374045482999406,3.866681700863265,1.9591536973964836,0.8059601127571874,0.16851851779834887,0.06253020622206754,1.128689211995835,2.6749161090283113,1.6355170769601617,0.873522209087653,1.50266741277668,4.023546108102336,2.0058778896289615,0.7996605187354066
A_late_prediction,Ridge Regression,1.3616124536696088,3.820794368295195,1.947333502631555,0.8082717155609052,0.16937118357003433,0.061940033688353754,1.1259972168658472,2.6752323607701713,1.635613756597251,0.8735072557881653,1.4959072616911957,4.007924443021319,2.0019801305261047,0.8004383490857331
A_late_prediction,Decision Tree,1.1818231619782382,5.081546317292439,2.21951903576534,0.741496182165951,0.39405782211210383,0.11953997115636099,0.6655972567236452,1.4117165428666132,1.1881567837901752,0.9332499478643295,1.093704936543164,3.9088893142448238,1.977091124416076,0.8053694834117698
A_late_prediction,Random Forest,1.0035616732804233,2.5881137174823636,1.58274902691942,0.8682607558344436,0.2881305871787872,0.05706538981881448,0.38355485232067515,0.4187456047819973,0.6471055592266205,0.9802004934404015,1.0181434599156118,2.4911004219409287,1.5783220273255165,0.8759637014461766
A_late_prediction,Gradient Boosting,1.1308847360603576,3.049887914522493,1.720147554180365,0.8437090040112729,0.3016294189395349,0.07039659663994956,0.5461781964426845,0.6689451397958011,0.8178906649398813,0.9683703338443543,1.1634711150054307,3.087697221772687,1.7571844586646808,0.8462580909744273
B_early_warning,Baseline (predict mean),3.45481699761591,21.159827582682464,4.578069727303299,-0.002897222128292887,0.4484474937287222,0.0039238702847079554,3.4551353949687544,21.14929498477808,4.5988362641844605,0.0,3.3218234257330552,20.085603268706937,4.4816964721751225,-9.773260359624558e-05
B_early_warning,Linear Regression,3.2763896094689535,17.941803099711862,4.226903573763133,0.11764731791960614,0.2740242285279034,0.2043440545895304,2.862196451179895,13.514942492744956,3.6762674675198697,0.3609743255048381,3.5979271006266487,20.155392129394173,4.489475707629364,-0.003572643483820359
B_early_warning,Ridge Regression,3.258396756836258,17.743286351550278,4.204028190218904,0.1288650495109485,0.2635020443849579,0.1917827312836103,2.8619042178645615,13.51730943392682,3.6765893752126875,0.36086240966161176,3.5775102371199985,19.970668304440757,4.468855368485397,0.005625082669697745
B_early_warning,Decision Tree,3.6241982199625147,25.33763354955473,5.028041159504159,-0.23508099124716275,0.23756188222607486,0.19788011238090647,2.3158063809846485,10.660752175833744,3.2650807303700384,0.49592872086248374,3.5973525969048454,21.343354544932208,4.619886854126647,-0.06272339451199027
B_early_warning,Random Forest,2.9525515873015875,15.114421482583774,3.8686208851521355,0.28086710408712595,0.38495964664946714,0.06446194760481008,1.109071729957806,2.205072573839663,1.484948677173613,0.895737773981273,2.9473417721518986,14.61403628691983,3.822830925756439,0.2723412705504409
B_early_warning,Gradient Boosting,3.08849341878082,16.83469985784302,4.093861018460837,0.18639524739666197,0.2738646004320734,0.10957249052656279,1.5080063519330158,3.740668287075796,1.9340807343737738,0.8231303554199754,3.3405018870744465,18.086247706701947,4.252792930146252,0.09945371912426137
