params,cv_RMSE,cv_RMSE_std,cv_MAE,cv_R2,rank_by_RMSE
"{""max_depth"": null, ""max_features"": 1.0, ""min_samples_leaf"": 8}",3.8531409512486596,0.4474452621838549,2.970593205542236,0.28795065227211597,1
"{""max_depth"": 10, ""max_features"": 1.0, ""min_samples_leaf"": 8}",3.853256415674881,0.4474328366989151,2.970735771042061,0.2879055265742062,2
"{""max_depth"": null, ""max_features"": 1.0, ""min_samples_leaf"": 4}",3.8553043683118524,0.4269778344605168,2.961017701516051,0.2863733427533044,3
"{""max_depth"": null, ""max_features"": 0.5, ""min_samples_leaf"": 2}",3.8567475985795268,0.40958401175494985,2.9487670130776777,0.2851179545331219,4
"{""max_depth"": 10, ""max_features"": 1.0, ""min_samples_leaf"": 4}",3.8588701641346588,0.42952138960949865,2.9635631443022383,0.285032316864868,5
"{""max_depth"": 10, ""max_features"": 0.5, ""min_samples_leaf"": 4}",3.860318997655689,0.4190546827038839,2.9792453731595745,0.28443496199732604,6
"{""max_depth"": 10, ""max_features"": 0.5, ""min_samples_leaf"": 2}",3.861833868930172,0.4140327208921224,2.954658046526391,0.2836816352584342,7
"{""max_depth"": null, ""max_features"": 1.0, ""min_samples_leaf"": 2}",3.862095877669185,0.40525393982441804,2.9604724150839976,0.2828689914599454,8
"{""max_depth"": 5, ""max_features"": 1.0, ""min_samples_leaf"": 8}",3.8657446660332773,0.4556212865581208,2.9818840035450593,0.2833688080437959,9
"{""max_depth"": 10, ""max_features"": 1.0, ""min_samples_leaf"": 2}",3.86846340004614,0.40916003148605523,2.966837266226302,0.28067030921445696,10
"{""max_depth"": null, ""max_features"": 1.0, ""min_samples_leaf"": 1}",3.8686208851521355,0.38495964664946714,2.9525515873015875,0.28086710408712595,11
"{""max_depth"": null, ""max_features"": 0.5, ""min_samples_leaf"": 4}",3.870061820082735,0.4256668288525353,2.986410911193437,0.2810204831922792,12
"{""max_depth"": null, ""max_features"": 0.5, ""min_samples_leaf"": 1}",3.8763392401405268,0.4360420994817803,2.9516046626984127,0.27935703936265616,13
"{""max_depth"": 10, ""max_features"": 1.0, ""min_samples_leaf"": 1}",3.880556773689913,0.38780437179822247,2.9579742529555166,0.2763055037612229,14
"{""max_depth"": 5, ""max_features"": 1.0, ""min_samples_leaf"": 4}",3.884690638731578,0.4634914222495912,2.9770139057465093,0.27573667597801127,15
"{""max_depth"": 10, ""max_features"": 0.5, ""min_samples_leaf"": 1}",3.8857545917220846,0.43653560892712134,2.961668036626828,0.27599356006473974,16
"{""max_depth"": 5, ""max_features"": 0.5, ""min_samples_leaf"": 2}",3.8912413804246553,0.45643894673100205,2.9801152537964946,0.2734632701151967,17
"{""max_depth"": 5, ""max_features"": 1.0, ""min_samples_leaf"": 2}",3.9007784896874598,0.45791379751284167,2.9839774109470873,0.2695102480253535,18
"{""max_depth"": null, ""max_features"": 0.5, ""min_samples_leaf"": 8}",3.9020019246625615,0.44332139753242894,3.0180213595298353,0.26988589587888107,19
"{""max_depth"": 5, ""max_features"": 0.5, ""min_samples_leaf"": 4}",3.9020541560470976,0.4576168264657886,3.0061024637242513,0.26941017304243214,20
"{""max_depth"": 10, ""max_features"": 0.5, ""min_samples_leaf"": 8}",3.9026621013074037,0.4431406780989147,3.0185227221346924,0.2696216298128231,21
"{""max_depth"": 5, ""max_features"": 1.0, ""min_samples_leaf"": 1}",3.9112182752532427,0.45133079409164883,2.9858090884557473,0.2664830708162299,22
"{""max_depth"": 5, ""max_features"": 0.5, ""min_samples_leaf"": 8}",3.9127335884884538,0.4491763123205153,3.0202950206705217,0.265865282404732,23
"{""max_depth"": 5, ""max_features"": 0.5, ""min_samples_leaf"": 1}",3.9268548184254235,0.46328056361736364,2.9875176995508053,0.26084488756098956,24
"{""max_depth"": null, ""max_features"": ""sqrt"", ""min_samples_leaf"": 1}",3.978547897362972,0.40515108209159745,3.0414623567019397,0.24019970948968195,25
"{""max_depth"": 10, ""max_features"": ""sqrt"", ""min_samples_leaf"": 1}",3.9825095637145376,0.42559792100279364,3.0548718623078286,0.23960503381482176,26
"{""max_depth"": 10, ""max_features"": ""sqrt"", ""min_samples_leaf"": 2}",4.002946164428355,0.4298752806025333,3.066221558239856,0.23254825536725585,27
"{""max_depth"": null, ""max_features"": ""sqrt"", ""min_samples_leaf"": 2}",4.01219863025389,0.43980221600348735,3.0700331522595024,0.22913867284642225,28
"{""max_depth"": 10, ""max_features"": ""sqrt"", ""min_samples_leaf"": 4}",4.034848036991733,0.41678574234480775,3.098583726011023,0.2198387497703172,29
"{""max_depth"": null, ""max_features"": ""sqrt"", ""min_samples_leaf"": 4}",4.0377713260947035,0.41681421644657346,3.098790063383189,0.21864055461844983,30
"{""max_depth"": 5, ""max_features"": ""sqrt"", ""min_samples_leaf"": 2}",4.0515399389929065,0.4550110778179046,3.1042844045433933,0.214424350232101,31
"{""max_depth"": 5, ""max_features"": ""sqrt"", ""min_samples_leaf"": 1}",4.059929313265686,0.44440512608677546,3.10716469380833,0.21086768071000367,32
"{""max_depth"": 5, ""max_features"": ""sqrt"", ""min_samples_leaf"": 4}",4.069065151994583,0.4273091424135185,3.117988013645101,0.20722693221111568,33
"{""max_depth"": 10, ""max_features"": ""sqrt"", ""min_samples_leaf"": 8}",4.1104457306095785,0.44117995860272424,3.153260737032061,0.19170172100160185,34
"{""max_depth"": null, ""max_features"": ""sqrt"", ""min_samples_leaf"": 8}",4.110465014011565,0.4411619552117157,3.1532058804997045,0.19169332658905297,35
"{""max_depth"": 5, ""max_features"": ""sqrt"", ""min_samples_leaf"": 8}",4.120161694502364,0.44836721249806627,3.1599491667289596,0.188246256663145,36
